ID,Name,Acronym,Category,Subcategory,Phone (raw),Phone (normalized),Phone (display),Email,Website,Address,Tags,Priority,Verified,Description,Source Note,PII Pass Notes,Created At,Updated At
cms8ta9kp007vomm1qfjmsei6,Cantor Law Group,,,,602-254-8880,6022548880,(602) 254-8880,,https://cantorlawgroup.com,"40 N Central Ave Ste 2310, Phoenix, AZ 85004","Cantor Law Group, attorney, firm",0,true,Law firm previously supplied as a possible resource.,,"Phone normalized: ""602-691-6364"" → 6026916364",2026-07-31T10:40:32.762Z,2026-07-31T10:40:32.762Z
cms8ta9kq007xomm1c17snrot,Cohen Family Law,,,,602-714-8898,6027148898,(602) 714-8898,,https://cohenfamilylaw.com,"3003 N Central Ave Ste 2606, Phoenix, AZ 85012","Cohen Family Law, attorney, firm",0,true,Family-law firm previously supplied as a possible resource.,,no changes,2026-07-31T10:40:32.763Z,2026-07-31T10:40:32.763Z
cms8ta9ku0083omm1gm45p86x,Colburn Hintze Maletta,CHM,,,602-825-2500,6028252500,(602) 825-2500,,https://chmlaw.com,"2150 E Highland Ave Ste 212, Phoenix, AZ 85016","Colburn Hintze Maletta, CHM, Arizona, attorney",0,true,Arizona law firm previously supplied as a possible resource.,,"Phone normalized: ""602-825-2500"" → 6028252500 | Website normalized: ""chmlaw.com"" → https://chmlaw.com",2026-07-31T10:40:32.766Z,2026-07-31T10:40:32.766Z
cms8ta9kx0087omm1ag6m1ats,Coolidge Law Firm,,,,480-264-5111,4802645111,(480) 264-5111,,https://coolidgelawfirmaz.com,"1820 E Ray Rd, Chandler, AZ 85225","Coolidge Law Firm, attorney, firm",0,true,Chandler law firm. Current contact information is taken from the firm's official website.,Live-verified 2026-08-03: https://coolidgelawfirmaz.com | Official firm phone 480-264-5111.,"Phone corrected: ""480-246-5111"" → 4802645111",2026-07-31T10:40:32.770Z,2026-08-03T09:16:04.317Z
cms8ta9kr007zomm1zqzjgf7v,Cordell & Cordell,,,,623-401-2002,6234012002,(623) 401-2002,,https://cordellcordell.com,"16150 N Arrowhead Fountains Center Dr Ste 135, Peoria, AZ 85382","Cordell & Cordell, fathers rights, domestic relations",0,true,Domestic-relations law firm with a focus on fathers’ rights; previously supplied as a possible resource.,,"Website normalized: ""cordellcordell.com"" → https://cordellcordell.com",2026-07-31T10:40:32.764Z,2026-07-31T10:40:32.764Z
cms8ta9ks0081omm1bckll5gv,DeShon Laraye Pullen PLC,,,,602-834-7005,6028347005,(602) 834-7005,,https://deshonpullenlaw.com,"80 E Columbus Ave, Phoenix, AZ 85012","DeShon Laraye Pullen, Arizona, family law",0,true,Arizona family and domestic-relations law firm previously supplied as a possible resource.,,"Phone normalized: ""800-409-0262"" → 8004090262",2026-07-31T10:40:32.765Z,2026-07-31T10:40:32.765Z
cms8ta9kr007yomm1tp9g6kag,Faussette & Faussette PLLC,,,,602-905-2833,6029052833,(602) 905-2833,,https://faussettelaw.com,"3800 N Central Ave Ste 615, Phoenix, AZ 85012","Faussette & Faussette, attorney, firm",0,true,Law firm previously supplied as a possible resource.,,no changes,2026-07-31T10:40:32.763Z,2026-07-31T10:40:32.763Z
cms8ta9ku0085omm1caccsd00,Frank Amar Matura,,,,602-922-9989,6029229989,(602) 922-9989,,https://famlawaz.com,"2325 E Camelback Rd Ste 400, Phoenix, AZ 85016","Frank Amar Matura, attorney, firm",0,true,Law firm previously supplied as a possible resource.,,no changes,2026-07-31T10:40:32.767Z,2026-07-31T10:40:32.767Z
cms8ta9kz0089omm1j3j0edty,Garcia Law Firm PLC,,,,602-340-1999,6023401999,(602) 340-1999,,https://bernardogarcialaw.com,"827 N 5th Ave, Phoenix, AZ 85003","Garcia Law Firm, Phoenix, attorney",0,true,Phoenix law firm previously supplied as a possible resource.,,"Phone normalized: ""602-340-1999"" → 6023401999",2026-07-31T10:40:32.772Z,2026-07-31T10:40:32.772Z
cms8ta9kx0086omm1b2oirdlv,Gurion Legal,,,,480-800-0020,4808000020,(480) 800-0020,,https://gurionlegal.com,"4323 N 12th St, Suite 100, Phoenix, AZ 85014","Gurion Legal, attorney, firm",0,true,Phoenix law firm. Current contact information is taken from the firm's official website.,Live-verified 2026-08-03: https://gurionlegal.com | Phone and Phoenix office confirmed.,no changes,2026-07-31T10:40:32.769Z,2026-08-03T09:16:04.317Z
cms8ta9ky0088omm1krysn5k0,Salwin Law Group,,,,480-702-1789,4807021789,(480) 702-1789,,https://www.salwinlaw.com,"7702 E Doubletree Ranch Rd, Ste 300, Scottsdale, AZ 85258","Salwin Law Group, attorney, firm",0,true,Law firm previously supplied as a possible resource.,,Added phone and website after live verification.,2026-07-31T10:40:32.770Z,2026-07-31T10:40:32.770Z
cms8ta9ec000uomm13ici1oaj,Arizona Counter Terrorism Information Center,ACTIC,,,602-644-5805,6026445805,(602) 644-5805,,https://azactic.gov,,"ACTIC, Arizona, intelligence center, counter terrorism",0,true,Arizona statewide intelligence and information center.,,Phone corrected to 602-644-5805; added website.,2026-07-31T10:40:32.532Z,2026-07-31T10:40:32.532Z
cms8ta9ee000womm16xkvko0i,Arizona Department of Child Safety,DCS,,,1-888-SOS-CHILD / 1-888-767-2445,8887672445,(888) 767-2445,,https://dcs.az.gov,,"Arizona DCS, child safety, SOS-CHILD, abuse hotline",0,true,Arizona child-welfare agency; operates the 1-888-SOS-CHILD abuse hotline.,,"Phone normalized: ""1-888-SOS-CHILD / 1-888-767-2445"" → 8887672445 | Website normalized: ""dcs.az.gov"" → https://dcs.az.gov",2026-07-31T10:40:32.534Z,2026-07-31T10:40:32.534Z
cms8ta9e4000nomm1p2aq943z,Bring Sean Home Foundation,,,,,,,,https://bringseanhome.org,"420 Everett Rd, Holmdel, NJ 07733","Bring Sean Home, left-behind parent, international abduction",0,true,Foundation advocating for left-behind parents in international family-abduction cases.,,Address and website updated after live verification.,2026-07-31T10:40:32.525Z,2026-07-31T10:40:32.525Z
cms8ta9ea000somm1snesv9wu,FBI Phoenix Division,FBI,,,623-466-1999,6234661999,(623) 466-1999,,https://fbi.gov,,"FBI, Phoenix, federal investigation, abduction, interstate",0,true,Federal investigative field office for Arizona covering federal crimes including abduction and interstate custody violations.,,Phone corrected to 623-466-1999.,2026-07-31T10:40:32.530Z,2026-07-31T10:40:32.530Z
cms8ta9e2000komm1oybo7jmi,MiKK International Parent Support Groups / MiPCAS,MiPCAS,,,,,,mipcas@mikk-ev.org,https://mikk-ev.org,,"MiKK, MiPCAS, international parent support, parental child abduction",0,true,Parental child abduction support for affected parents.,Previously supplied email MiPCAS@mikk-ev.org; discussed in connection with parental child abduction and support for affected parents.,"Email normalized: ""MiPCAS@mikk-ev.org"" → mipcas@mikk-ev.org",2026-07-31T10:40:32.523Z,2026-07-31T10:40:32.523Z
cms8ta9dy000fomm1k5eklxqj,NCMEC Family Abduction Legal Technical Assistance,,,,1-800-843-5678,8008435678,(800) 843-5678,gethelp@ncmec.org,https://missingkids.org,,"family abduction, legal technical assistance, wrongful taking, retention, concealment, custody deprivation",1,true,"NCMEC program providing legal technical assistance for family abduction — the wrongful taking, retention, or concealment of a child by a parent or family member that deprives another person of custody or visitation.",Strongest-five match #1. Request explicitly by name: “Family Abduction legal technical assistance.”,"Phone normalized: ""1-800-843-5678"" → 8008435678 | Website normalized: ""missingkids.org"" → https://missingkids.org",2026-07-31T10:40:32.518Z,2026-07-31T10:40:32.518Z
cms8ta9e0000homm1t4lq14ub,NCMEC Team HOPE,,,,866-305-HOPE / 866-305-4673,8663054673,(866) 305-4673,,https://missingkids.org,,"Team HOPE, peer support, emotional support, missing children, family abduction",0,true,Peer and emotional support for families dealing with missing children or family abduction.,Previously described as peer and emotional support for families dealing with missing children or family abduction.,"Phone normalized: ""866-305-HOPE / 866-305-4673"" → 8663054673 | Website normalized: ""missingkids.org"" → https://missingkids.org",2026-07-31T10:40:32.521Z,2026-07-31T10:40:32.521Z
cms8ta9dv000domm1fd6pl39p,National Center for Missing & Exploited Children,NCMEC,,,1-800-THE-LOST / 1-800-843-5678,8008435678,(800) 843-5678,gethelp@ncmec.org,https://missingkids.org,,"missing children, family abduction, parental kidnapping, interstate custody, legal technical assistance, NCMEC, THE-LOST",0,true,"National clearinghouse and 24/7 reporting line for missing and exploited children. Family Abduction legal technical assistance available — assistance for wrongful taking, retention, or concealment of a child by a parent or family member that deprives another person of custody or visitation. The single most specific prior instruction: call NCMEC and explicitly request “Family Abduction legal technical assistance.”","On July 19, 2026, specifically instructed to request “Family Abduction legal technical assistance” and have them examine the original Arizona-to-Washington removal and subsequent retention, not merely report the child as generically missing.","Phone normalized: ""1-800-THE-LOST / 1-800-843-5678"" → 8008435678 | Website normalized: ""missingkids.org"" → https://missingkids.org",2026-07-31T10:40:32.515Z,2026-07-31T10:40:32.515Z
cms8ta9ef000yomm12bhv6n8r,Tempe Police Non-Emergency Line,,,,480-350-8311,4803508311,(480) 350-8311,,https://www.tempe.gov,,"Tempe Police, non-emergency, police",0,true,Tempe Police Department non-emergency line. This is not a dedicated custody-enforcement service.,Live-verified 2026-08-03 via the City of Tempe police contact page: 480-350-8311.,"Phone normalized: ""480-350-8311"" → 4803508311",2026-07-31T10:40:32.536Z,2026-08-03T09:16:04.317Z
cms8ta9e2000jomm13p5825n7,The Committee for Missing Children,,,,,,,,https://www.findthekids.org,,"missing children, parental kidnapping, custodial interference",0,true,Included in the parental-kidnapping and custodial-interference resource set.,Previously included in the parental-kidnapping and custodial-interference resource set.,no changes,2026-07-31T10:40:32.522Z,2026-07-31T10:40:32.522Z
cms8ta9e8000qomm1660n0549,"U.S. Department of Justice, Child Exploitation and Obscenity Section",CEOS,,,202-514-5780,2025145780,(202) 514-5780,,https://www.justice.gov/criminal/criminal-ceos/contact-child-exploitation-and-obscenity-section,,"DOJ, CEOS, child exploitation, obscenity",0,true,DOJ section prosecuting child exploitation and obscenity crimes.,"Phone normalized: ""202-514-5780"" → 2025145780 | Website normalized: ""justice.gov"" → https://www.justice.gov/criminal/criminal-ceos/contact-child-exploitation-and-obscenity-section","Phone normalized: ""202-514-5780"" → 2025145780 | Website normalized: ""justice.gov"" → https://www.justice.gov/criminal/criminal-ceos/contact-child-exploitation-and-obscenity-section",2026-07-31T10:40:32.529Z,2026-07-31T10:40:32.529Z
cms8ta9e5000oomm128rle2dd,"U.S. Department of State, Office of Children’s Issues",,,,202-736-9090,2027369090,(202) 736-9090,,https://travel.state.gov,,"Department of State, Office of Children's Issues, international abduction, Hague Convention",0,true,"Federal office handling international parental child abduction, Hague Convention applications, and custody/visitation issues across borders.","Phone normalized: ""202-736-9090"" → 2027369090 | Website normalized: ""travel.gov"" → https://travel.state.gov","Phone normalized: ""202-736-9090"" → 2027369090 | Website normalized: ""travel.gov"" → https://travel.state.gov",2026-07-31T10:40:32.525Z,2026-07-31T10:40:32.525Z
cms8taa0x00p1omm1d8ml1dnb,Modest Needs Foundation – Independent Living Grant,,GRANTS,INDEPENDENT_LIVING,,,,,https://www.modestneeds.org/about-us/grants-types-independent-living.asp,,"Modest Needs, Independent Living Grant, disability, accessibility equipment, medical expense, utility shutoff, transportation",0,true,"Fixed maximum grant of $750 for qualifying households that do not meet Modest Needs’ self-sufficiency standard and include a person permanently unable to work. Eligible uses are medically necessary accessibility equipment or uncovered medical expenses, an unusually high utility bill needed to prevent shutoff for home medical equipment, or an auto repair needed to reach chronic-care appointments. Regular rent and utility bills are excluded except for the specified imminent-shutoff circumstance.","Official Modest Needs Independent Living Grant page, live verified 2026-08-03: https://www.modestneeds.org/about-us/grants-types-independent-living.asp. Corrected the prior generic '$750' record, which conflated this disability-focused program with the separate Self-Sufficiency Grant.","Name corrected: ""$750"" → ""Modest Needs Foundation – Independent Living Grant"" | Program scope corrected from generic emergency expenses to the official Independent Living Grant criteria | Direct official program URL added",2026-07-31T10:40:33.346Z,2026-08-03T08:05:00.000Z
cms8ta9lw009romm1yzth44h8,1in6,,,,651-714-4673,6517144673,(651) 714-4673,1in6@zeroabuseproject.org,https://1in6.org,"366 Jackson Street, Suite 300, St. Paul, MN 55101","1in6, Zero Abuse Project, men, male survivors, sexual abuse, sexual assault",0,true,"A Zero Abuse Project program providing information, confidential online support groups, and resources for men who have experienced sexual abuse or assault.",Live-verified 2026-08-03 via the official 1in6 contact page. The prior 877-628-1466 number is not listed on the current official site.,"Phone corrected: ""877-628-1466"" → 6517144673 | Current email and headquarters added.",2026-07-31T10:40:32.804Z,2026-08-03T09:16:04.317Z
cms8ta9w000jxomm132833c63,2Gether-International – Disabled Founder Accelerator,,DISABILITY_FOUNDER_ACCELERATOR,,,,,,https://www.2gether-international.org,,"2Gether-International, disabled founders, startup accelerator, mentorship",0,true,"Startup accelerator run by and for entrepreneurs with disabilities, offering founder cohorts, mentorship, peer community, business education, and cohort-specific funding opportunities.",Live-verified 2026-08-03: https://www.2gether-international.org | Removed the unsupported claim that funding could be used for an RV. Award amounts and eligibility vary by cohort.,Program type corrected from a general grant to a disabled-founder accelerator; unsupported RV-use claim removed.,2026-07-31T10:40:33.168Z,2026-08-03T09:16:04.317Z
cms8ta9qw00e9omm1unw3sg1j,A New Leaf (DV Hotline),,BEHAVIORAL_MEDICAL,,480-890-3039,4808903039,(480) 890-3039,,https://turnanewleaf.org/services/sexual-and-domestic-violence-services/,,"final_help_list, behavioral_medical, must_get",0,true,"Domestic-violence hotline and services including emergency shelter, safety planning, advocacy, and housing support. Assistance and eligibility depend on the applicable program.",Live-verified 2026-08-03 via A New Leaf's official domestic-violence services page. Removed the unverified fixed claim of 3–6 months of rent.,Unsupported fixed rental-assistance duration removed; official service page used.,2026-07-31T10:40:32.985Z,2026-08-03T09:16:04.317Z
cms8ta9z300ngomm1jbgvkt44,AZ&Me,,MEDICAL SUPPORT,,1-800-292-6363,8002926363,(800) 292-6363,,https://www.azandmeapp.com,,"master_extract, medical support",0,true,AstraZeneca prescription-savings program that may provide eligible medicines at no cost to qualifying patients in the United States.,Live-verified 2026-08-03: https://www.azandmeapp.com | Program phone 1-800-292-6363.,Official program phone added; Arizona-only wording removed.,2026-07-31T10:40:33.279Z,2026-08-03T09:16:04.317Z
cms8ta9tm00hdomm1ksicds9i,"AZCEND (Chandler, AZ) Emergency Financial Assistance",,CSV_RESOURCE,,480-963-1423,4809631423,(480) 963-1423,,https://azcend.org,,"master_extract, csv_resource",0,true,"Rent, utility, medical, transportation aid for Chandler/southeast Valley; must meet income criteria, apply. Main phone for benefits assistance.",From master_resource_extract.txt (RI-00119): Grants:Mutual_Aid:Orgs.txt [Record ID: 119] | Validation: URL verified live; phone verified live 2026-08-03 → 480-963-1423,"Website normalized: ""https://azcend.org/"" → https://azcend.org | Phone normalized: ""480-963-1423"" → 4809631423",2026-07-31T10:40:33.083Z,2026-07-31T10:40:33.083Z
cms8ta9l8008oomm17xn60r16,Ability360,,,,602-296-0536,6022960536,(602) 296-0536,info@ability360.org,https://ability360.org,"5025 E Washington St, Suite 200, Phoenix, AZ 85034","Ability360, Arizona, independent living",0,true,"Phoenix-based center for independent living providing disability-related programs, advocacy, information, and support.",Live-verified 2026-08-03 via Ability360's official website and contact information.,"Official main phone, email, and address added.",2026-07-31T10:40:32.780Z,2026-08-03T09:16:04.317Z
cms8ta9r200ejomm12p46epct,Accessia Health,,,MEDICAL SUPPORT,800-366-7741,8003667741,(800) 366-7741,assistance@accessiahealth.org,https://accessiahealth.org,"PO Box 5930, Midlothian, VA 23112","final_help_list, medical support, must_get",0,true,Nonprofit patient-assistance organization offering disease-specific financial assistance and health-insurance navigation for eligible patients.,"Live-verified 2026-08-03: https://accessiahealth.org | Assistance line, document-submission email, and mailing address confirmed.",Duplicated URL text removed; official contact information added.,2026-07-31T10:40:32.991Z,2026-08-03T09:16:04.317Z
cms8ta9vq00jgomm1kml1w50q,Adelante Healthcare,,,BEHAVIORAL_MEDICAL,480-964-2273,4809642273,(480) 964-2273,,https://adelantehealthcare.com,,"master_extract, behavioral_medical",0,true,"Arizona community health center providing primary care, dental care, behavioral health, women's health, pediatrics, and related services. Call the main scheduling line for appointments.",Live-verified 2026-08-03: https://adelantehealthcare.com | Main scheduling phone 480-964-2273.,"Phone corrected: ""877-809-5092"" → 4809642273 | Generic one-word description replaced.",2026-07-31T10:40:33.158Z,2026-08-03T09:16:04.317Z
cms8ta9vn00jaomm1wq1nu5sp,Alcoholics Anonymous - Phoenix Intergroup,,,BEHAVIORAL_MEDICAL,602-264-1341,6022641341,(602) 264-1341,info@sriphoenix.org,https://aaphoenix.org,"3215 E Thunderbird Rd, Suite B, Phoenix, AZ 85032","master_extract, behavioral_medical",0,true,Phoenix-area Alcoholics Anonymous intergroup and 24-hour help line.,"Live-verified 2026-08-03: https://aaphoenix.org | Phone, email, and office address confirmed.","Official domain, email, and address confirmed.",2026-07-31T10:40:33.156Z,2026-08-03T09:16:04.317Z
cms8ta9ri00f7omm1pd4hvz1a,Angel Flight West,,,MEDICAL SUPPORT,310-390-2958,3103902958,(310) 390-2958,coordination@angelflightwest.org,https://angelflightwest.org,,"final_help_list, medical support, must_get",0,true,"Arranges free, non-emergency air transportation for people traveling to medical care within its service area. Flight requests are subject to eligibility, route, timing, and volunteer availability.",Live-verified 2026-08-03: https://angelflightwest.org/request-a-flight/ | Mission-operations phone and email confirmed.,Corrupted name and repeated description removed; official mission contact added.,2026-07-31T10:40:33.007Z,2026-08-03T09:16:04.317Z
cms8ta9l7008nomm1ioyeegkl,Arizona Statewide Independent Living Council – CIL Directory,AZSILC,,,602-262-2900,6022622900,(602) 262-2900,,https://azsilc.org,"10720 W Indian School Rd, Suite 19 #1006, Phoenix, AZ 85037","AZSILC, Arizona, centers for independent living, CIL directory",0,true,Statewide council and directory for Arizona Centers for Independent Living. AZSILC does not itself provide direct independent-living services; use its directory to locate a regional CIL.,Live-verified 2026-08-03: https://azsilc.org | Corrected category-style entry to the named directory and clarified that AZSILC is not a direct-service provider.,"Named directory, phone, and mailing address added; direct-service limitation stated.",2026-07-31T10:40:32.779Z,2026-08-03T09:16:04.317Z
cms8ta9tn00hfomm165yo14xo,Arizona End of Life Care Partnership,,,CSV_RESOURCE,,,,,https://azendoflifecare.org,,"master_extract, csv_resource",0,true,"Statewide partnership focused on advance-care planning, serious-illness care, end-of-life education, and systems improvement. It is not a direct cash-grant program.",Live-verified 2026-08-03: https://azendoflifecare.org | Removed unsupported claims of grants for terminal patients and referral requirements.,False direct-grant description removed.,2026-07-31T10:40:33.084Z,2026-08-03T09:16:04.317Z
cms8ta9yu00n4omm11nmf2x0p,Arizona Long Term Care System,ALTCS,MEDICAID_LONG_TERM_CARE,GRANTS,888-621-6880,8886216880,(888) 621-6880,altcsregistrations@azahcccs.gov,https://www.azahcccs.gov/members/ALTCSlocations.html,,"master_extract, grants",0,true,"Arizona Medicaid program for people who are aged, blind, have a disability, or require nursing-facility-level care and who meet financial and medical eligibility requirements.",Live-verified 2026-08-03 via AHCCCS. Phone 888-621-6880 and ALTCS registration email retained.,Truncated name corrected; category and official ALTCS page added.,2026-07-31T10:40:33.271Z,2026-08-03T09:16:04.317Z
cms8ta9lx009tomm12zij1liy,Arizona SHIP / Arizona State Health Insurance Assistance Program,SHIP,,,800-432-4040,8004324040,(800) 432-4040,,https://azship.org,,"Arizona SHIP, health insurance, Medicare counseling",0,true,Arizona State Health Insurance Assistance Program providing free Medicare counseling.,Verified live via official SHIP contact database.,"Phone normalized: ""800-432-4040"" → 8004324040",2026-07-31T10:40:32.806Z,2026-07-31T10:40:32.806Z
cms8ta9sq00g3omm13b3jmyio,Bazelon Center for Mental Health Law,,,,,,,requests-for-help@bazelon.org,https://www.bazelon.org,,"Bazelon Center, mental health law, legal advocacy",0,true,National legal-advocacy center for people with mental disabilities. Legal assistance is requested via email.,Verified live. Duplicate entry with `cms8ta9l5008jomm1i15ylvh1` combined.,no changes,2026-07-31T10:40:32.763Z,2026-07-31T10:40:32.763Z
cms8ta9z500njomm1bdwo1501,CALQUENCE™ Cares (AstraZeneca Access 360),,,,1-844-ASK-A360 / 1-844-275-2360,8442752360,(844) 275-2360,,https://www.calquence.com,,"CALQUENCE, AstraZeneca, co-pay savings, patient assistance",0,true,Co-pay savings and patient assistance for eligible CLL/SLL patients via AstraZeneca Access 360. This is the direct patient support program for CALQUENCE.,Verified live. Patient assistance inquiries are routed through the AstraZeneca Access 360 program.,"Phone normalized: ""1-844-ASK-A360 / 1-844-275-2360"" → 8442752360",2026-07-31T10:40:33.282Z,2026-07-31T10:40:33.282Z
cms8ta9lm009aomm10h64mwj1,COVID-19 Longhauler Advocacy Project,C19LAP,,,,,,,https://www.longhauler-advocacy.org,,"C19LAP, Long COVID, longhauler, advocacy",0,true,Advocacy project for COVID-19 longhaulers.,Verified live via official website.,no changes,2026-07-31T10:40:32.794Z,2026-07-31T10:40:32.794Z
cms8ta9lr009jomm1b44ok7z7,CPTSD Foundation,,,,,,,,https://cptsdfoundation.org,,"CPTSD Foundation, complex PTSD",0,true,Foundation providing education and support for complex PTSD.,Verified live via official website.,no changes,2026-07-31T10:40:32.799Z,2026-07-31T10:40:32.799Z
cms8ta9t200gjomm1ialyf46d,Circle the City (Mobile Medical Units & Street Medicine),,,,602-516-6825,6025166825,(602) 516-6825,,https://circlethecity.org,,"Circle the City, Phoenix, mobile medical, street medicine, homeless, outreach",0,true,"Mobile medical and transport support for homeless in Phoenix area, offers healthcare and case management. Mobile medical units visit encampments and RVs.",Verified live. Duplicate entry with `cms8ta9wi00kmomm1zbrsw81y` combined.,"Phone normalized: ""602-516-6825"" → 6025166825",2026-07-31T10:40:33.062Z,2026-07-31T10:40:33.062Z
cms8ta9vl00j4omm1cvvsycmf,"Community Bridges, Inc. (CBI)",,,,877-931-9142,8779319142,(877) 931-9142,,https://communitybridgesinc.org,,"Community Bridges, CBI, behavioral health, crisis line",0,true,Arizona-based integrated behavioral health provider since 1982. Crisis line available 24/7. (Note: communitybridgesaz.org also redirects to the official site).,Verified live. Final authoritative website is communitybridgesinc.org.,"Phone normalized: ""877-931-9142"" → 8779319142",2026-07-31T10:40:33.153Z,2026-07-31T10:40:33.153Z
cms8ta9l3008homm10sgy3wfv,Disability Rights Education and Defense Fund,DREDF,,,,,,,https://dredf.org,,"DREDF, disability rights, education, defense",0,true,"National civil‑rights law and policy center for people with disabilities. Bolstered contacts: PTI (iephelp@dredf.org, 1-800-348-4232), Media (media@dredf.org, 510-225-7726), Development (sfreundlich@dredf.org, ext 5246).",Human‑verified; specialized contacts added.,"Website normalized: ""dredf.org"" → https://dredf.org",2026-07-31T10:40:32.776Z,2026-08-03T08:35:38.506Z
cms8taa0000oqomm19w8hcq04,Dignity Health THRIVE Program,,,MEDICAL SUPPORT,,,,,https://www.dignityhealth.org/arizona/locations/stjosephs/services/emergency-and-trauma-services/prevention-programs/thrive-program,,"master_extract, medical support",0,true,"Hospital‑based violence intervention program (HVIP) at St. Joseph's Hospital, Phoenix. Provides crisis counseling, safety planning, case management (housing, legal aid, job training), mentoring, and support groups for survivors of violence. FORENSIC ACCESS NOTE: The direct URL can redirect to a generic emergency services page depending on browser, session, or referrer. No public phone/email is published. The ONLY reliable contact method is to ask any doctor, nurse, or hospital staff at St. Joseph's to connect you to the THRIVE team.",Human‑verified; page exists but URL access is unstable. Staff referral is the primary reliable contact pathway. Generic CommonSpirit resource link removed.,normalized,2026-07-31T10:40:33.312Z,2026-08-03T08:35:38.506Z
cms8ta9l2008fomm1uunvk4qa,Disability Rights Advocates,DRA,,,,,,,https://dralegal.org,"Physical (eff. July 1, 2026): 2120 University Ave., Office 403, Berkeley, CA 94704. Mailing: 455 Market St., Ste 1940, PMB 509115, San Francisco, CA 94105. NYC: 655 Third Ave, Ste 2619, NY 10017. Chicago: 222 S Riverside Plaza, WeWork 15‑112, IL 60606.","DRA, Disability Rights Advocates, civil rights",0,true,Nonprofit legal center advancing civil rights for people with disabilities. Press inquiries: communications@dralegal.org.,Human‑verified; address overwritten to July 2026 location; other offices added.,"Website normalized: ""dralegal.org"" → https://dralegal.org",2026-07-31T10:40:32.775Z,2026-08-03T08:35:38.506Z
cms8ta9l1008domm1bh9mpct7,Disability Rights Arizona,DRAZ,,,602-274-6287; 520-327-9547,6022746287|5203279547,(602) 274-6287 | (520) 327-9547,center@disabilityrightsaz.org,https://disabilityrightsaz.org,"Phoenix: 5025 E. Washington St., Suite 202, Phoenix, AZ 85034. Tucson: 4539 E. Ft Lowell Rd, Tucson, AZ 85712.","Disability Rights Arizona, P&A",0,true,Arizona's federally mandated protection and advocacy organization for people with disabilities. Formerly named the Arizona Center for Disability Law.,Live-verified 2026-08-03: https://disabilityrightsaz.org | Former ACDL record merged into this current organization record.,Former-name duplicate merged; current organization identity retained.,2026-07-31T10:40:32.774Z,2026-08-03T09:16:04.317Z
cms8ta9l6008lomm1r54czmdn,Disability Rights California,DRC,,,1-800-776-5746,8007765746,(800) 776-5746,,https://disabilityrightsca.org,,"DRC, Disability Rights California",0,true,California protection and advocacy system. Intake line.,Forensic verification; phone added.,"Website normalized: ""disabilityrightsca.org"" → https://disabilityrightsca.org",2026-07-31T10:40:32.778Z,2026-08-03T08:35:38.506Z
cms8ta9sz00gfomm15t6qdfp3,Disability-Owned Business Enterprise Certification,DOBE,,CSV_RESOURCE,,,,,https://disabilityin.org/learning-and-development/supplier-development,,"Disability:IN, DOBE, disability-owned business, supplier diversity, certification",0,true,Disability:IN certification for qualifying disability-owned businesses. Certification can support supplier-diversity and contracting opportunities; it is not itself a grant.,Live-verified 2026-08-03 via Disability:IN's supplier-development program page.,Specific official program page added; unsupported grant-access claim removed.,2026-07-31T10:40:33.059Z,2026-08-03T09:16:04.317Z
cms8ta9zo00oaomm1uq343evk,ELAINE,,,TRANSPORTATION,602-848-1717,6028481717,(602) 848-1717,elainerides@elaineaz.org,https://elaineaz.org,"1075 W Jackson St, Phoenix, AZ 85007","master_extract, transportation",0,true,"Arizona nonprofit providing free, empathetic transportation for qualifying medical appointments and prescription needs. Contact ELAINE directly for current eligibility and scheduling.","Live-verified 2026-08-03: https://elaineaz.org | Direct phone, ride email, and address confirmed.",Truncated name corrected; direct public contact information added.,2026-07-31T10:40:33.301Z,2026-08-03T09:16:04.317Z
cms8ta9ra00etomm1gbi3iuzm,FamilyWize / SingleCare Prescription Discount Program,,,MEDICAL SUPPORT,844-234-3057,8442343057,(844) 234-3057,,https://familywize.org,,"final_help_list, medical support, must_get",0,true,Free prescription-discount program now supported through SingleCare. Discounts vary by medication and pharmacy and are not insurance.,Live-verified 2026-08-03: https://familywize.org | Current member-support phone 844-234-3057.,"Phone corrected: ""800-222-2818"" → 8442343057 | Unsupported fixed average-savings claim removed.",2026-07-31T10:40:32.998Z,2026-08-03T09:16:04.317Z
cms8ta9ld008yomm1b8oa54dr,Fireweed Collective,,,,,,,,https://fireweedcollective.org,,"Fireweed Collective, mental health, mutual aid",0,true,"Collective offering mental-health education and mutual aid through a Healing Justice and Disability Justice lens, centering QTBIPOC communities.",Live-verified 2026-08-03: https://fireweedcollective.org | Duplicate record removed.,Duplicate consolidated into one current record.,2026-07-31T10:40:32.786Z,2026-08-03T09:16:04.317Z
cms8ta9x800loomm13gxfkdab,"Arizona DES – Food, Cash and Medical Assistance",,,Arizona State Programs,855-432-7587,8554327587,(855) 432-7587,,https://www.healthearizonaplus.gov,,"Arizona DES, SNAP, Nutrition Assistance, Cash Assistance, Medical Assistance",0,true,"Arizona application and support resource for Nutrition Assistance, Cash Assistance, and Medical Assistance through Health-e-Arizona Plus.",Live-verified 2026-08-03 via Arizona DES and Health-e-Arizona Plus. Phone 855-432-7587 confirmed. Removed malformed citation text and the unsupported WIC reference.,Malformed description repaired; official application website added.,2026-07-31T10:40:33.213Z,2026-08-03T09:16:04.317Z
cms8ta9zu00oiomm1jgi8h7p3,AHCCCS Non-Emergency Medical Transportation,NEMT,MEDICAID_TRANSPORTATION,TRANSPORTATION,,,,,https://www.azahcccs.gov/PlansProviders/RatesAndBilling/ProviderManuals/NEMT.html,,"AHCCCS, NEMT, Medicaid, medical transportation, Arizona",0,true,"AHCCCS coverage information for medically necessary non-emergency transportation to and from covered services for eligible members who cannot provide or arrange transportation. Members arrange rides through their AHCCCS health plan; this is coverage guidance, not a transportation company.","Live-verified 2026-08-03 via AHCCCS. Replaced the unusable generic 'Free, non' placeholder with the named state coverage resource and an explicit access pathway.",Invalid placeholder fully replaced; no direct ride-booking phone is represented.,2026-07-31T10:40:33.306Z,2026-08-03T09:16:04.317Z
cms8ta9t900gtomm1jk8r79f5,GoFundMe,,,CSV_RESOURCE,,,,,https://www.gofundme.com,,"master_extract, csv_resource",0,true,"Peer-to-peer crowdfunding platform for personal medical, legal, housing, or survival emergencies. | https://www.gofundme.com",Live-verified: https://www.gofundme.com | Active and trusted platform.,"Website normalized: ""https://www.gofundme.com/"" → https://www.gofundme.com",2026-07-31T10:40:33.069Z,2026-08-03T08:59:12.909Z
cms8ta9le0090omm1tbxfsqz0,Greater National Advocates,,,,,,,,https://gnanow.org,,"Greater National Advocates, patient advocates",0,true,"Nation's largest directory of Independent Patient Advocates. Nonprofit that answers only to patients, not hospitals or insurers.",Live-verified: https://gnanow.org (CSV listed greaternationaladvocates.org which redirects).,"Website normalized: ""greaternationaladvocates.org"" → https://greaternationaladvocates.org",2026-07-31T10:40:32.787Z,2026-08-03T08:59:12.909Z
cms8ta9lt009momm1ycr9s3u2,Healing & C-PTSD,,,,,,,info@healingandcptsd.com,https://www.healingandcptsd.com,,"Healing and C-PTSD, complex trauma, survivor community, Community Hub, peer support",0,true,"Survivor-led complex-trauma platform offering education, resources, peer connection, and a private Community Hub with support spaces, survivor-led circles, live events, and workshops.",Live-verified 2026-08-03: https://www.healingandcptsd.com and https://www.healingandcptsd.com/hub | Separate Community record merged because the Hub is part of the same ecosystem.,Main platform and Community Hub consolidated into one record.,2026-07-31T10:40:32.801Z,2026-08-03T09:16:04.317Z
cms8ta9lh0094omm169ikqv9c,Health Consumer Alliance,,,,888-804-3536,8888043536,(888) 804-3536,,https://healthconsumer.org,,"Health Consumer Alliance, California, health care",0,true,California coalition of organizations assisting health-care consumers. Provides free over-the-phone or in-person assistance with health coverage problems.,Live-verified: https://healthconsumer.org | Phone 888-804-3536 confirmed.,"Phone normalized: ""888-804-3536"" → 8888043536 | Website normalized: ""healthconsumer.org"" → https://healthconsumer.org",2026-07-31T10:40:32.790Z,2026-08-03T08:59:12.909Z
cms8ta9r000efomm1q8qqxljp,HealthWell Foundation,,,MEDICAL SUPPORT,800-675-8416,8006758416,(800) 675-8416,,https://www.healthwellfoundation.org,,"final_help_list, medical support, must_get",0,true,"Provides financial assistance for eligible copayments, premiums, deductibles, and other covered costs to underinsured patients with qualifying diseases.",Live-verified 2026-08-03: https://www.healthwellfoundation.org | Official assistance phone added; time-sensitive charity ranking removed.,Official name and phone added; volatile Forbes ranking removed.,2026-07-31T10:40:32.989Z,2026-08-03T09:16:04.317Z
cms8ta9lc008womm1xbq2d9q0,Hearing Voices Network USA,,,,,,,,https://hearingvoicesusa.org,,"Hearing Voices Network, peer support",0,true,"Peer-support network for people who hear voices. Founded in 2010, part of an international network.",Live-verified: https://hearingvoicesusa.org | Active 2026 groups.,"Website normalized: ""hearingvoicesusa.org"" → https://hearingvoicesusa.org",2026-07-31T10:40:32.784Z,2026-08-03T08:59:12.909Z
cms8ta9lm009bomm13k987fta,Long COVID Alliance,,,,,,,,https://longcovidalliance.org,,"Long COVID Alliance, patient advocacy",0,true,"Coalition of over 1,000 Long COVID & Associated Conditions organizations and individuals across advocacy, education, federal policy, and scientific research. Membership is free and always open.",Live‑verified 2026‑08‑03,normalized,2026‑07‑31T10:40:32.795Z,2026‑07‑31T10:40:32.795Z
cms8ta9ob00c0omm18kalx1f0,Lyme Treatment Foundation,,,,,,,info@lymetreatmentfoundation.org,https://lymetreatmentfoundation.org,,,0,true,"Grant recipients may receive up to $4,000 USD to cover treatment costs with a Lyme literate physician (blood tests and long‑term treatment). **UNVERIFIED CLAIM:** CSV stated ""infrastructure/RV housing if needed for care"" – this is NOT supported by the official foundation website; grants are explicitly for treatment costs only.",Live‑verified 2026‑08‑03; website added; infrastructure claim unverified,normalized,2026‑07‑31T10:40:32.891Z,2026‑07‑31T10:40:32.891Z
cms8ta9ta00gvomm1rwsj0ni2,Lyme Warrior Medical Grants,,,,,,,,https://lymewarrior.us,,,0,true,"Nationwide nonprofit providing treatment grants ($500 only; CSV claimed $500‑$2,000 – **$2,000 upper limit is FALSE**). Funds must be used for Lyme disease treatment (traditional or alternative). Applications open when funds available; $60,000+ in patient assistance provided.",Live‑verified 2026‑08‑03; website added; amount correction,normalized,2026‑07‑31T10:40:33.070Z,2026‑07‑31T10:40:33.070Z
cms8ta9wd00kgomm1dpvzspfy,MAPS Phase 3 MDMA‑Assisted Therapy PTSD Trial (NCT04873056),,,,,,,,https://maps.org,,,0,true,"Phase 3 randomized, double‑blind, placebo‑controlled study of MDMA‑assisted therapy for severe PTSD (NCT04873056). Primary endpoint: 67% of MDMA group no longer met PTSD criteria vs. 32% placebo. MAPP2 fully enrolled; results published in Nature Medicine. 15 sites across US, Canada, Israel. Travel may be covered.",Live‑verified 2026‑08‑03; website added,normalized,2026‑07‑31T10:40:33.182Z,2026‑07‑31T10:40:33.182Z
cms8ta9lu009pomm12mj05fjg,MaleSurvivor,,,,,,,,https://malesurvivor.org,,"MaleSurvivor, male survivors, sexual abuse",0,true,"501(c)(3) nonprofit committed to preventing, healing, and eliminating all forms of sexual victimization of boys and men. Founded 1995; international membership of over 15,000 registered members from 200+ countries. EIN 41‑1831829.",Live‑verified 2026‑08‑03,normalized,2026‑07‑31T10:40:32.803Z,2026‑07‑31T10:40:32.803Z
cms8ta9l9008qomm1o6bhg1ms,MindFreedom International,,,,541‑345‑9106; 1‑877‑623‑7743,5413459106|8776237743,(541) 345‑9106; (877) 623‑7743,office@mindfreedom.org,https://mindfreedom.org,"454 Willamette, Suite 216, P.O. Box 11284, Eugene, OR 97440‑3484","MindFreedom, psychiatric survivors, human rights",0,true,"Unites 100+ grassroots groups to win human rights and alternatives for people labeled with psychiatric disabilities. Goals: abolish forced treatment, ensure autonomy, dignity, and choice.",Live‑verified 2026‑08‑03; phone/email/address added,normalized,2026‑07‑31T10:40:32.781Z,2026‑07‑31T10:40:32.781Z
cms8ta9sv00g9omm1swvfgygc,NAACP / Leslie’s $5K Disability‑Owned Business Grant,,,,,,,,https://naacp.org/find-resources/grants/naacp-and-leslies-inc-certification-boost-grant,,,0,true,"17 one‑time $5,000 grants for disability‑owned businesses (≥51% owned/controlled by one or more persons with a disability). Eligible states: AZ, CA, FL, GA, TX. Funds cover legal/consulting fees for certification applications (Disability‑Owned Business Enterprise – DOBE). **NOT** for personal use, debt consolidation, marketing, payroll, or fixed assets. **CRITICAL CORRECTION:** CSV listed wrong URL (nationalsafeparents.org) – corrected to NAACP official page.",Live‑verified 2026‑08‑03; URL corrected; details updated,normalized,2026‑07‑31T10:40:33.055Z,2026‑07‑31T10:40:33.055Z
cms8ta9vk00j2omm1s17u276n,NAMI Arizona,,,,602‑244‑8166,6022448166,(602) 244‑8166,,https://namiaz.org,"5025 E Washington St Suite 112, Phoenix, AZ 85034‑7438",,0,true,"State office of NAMI (National Alliance on Mental Illness) for Arizona / NAMI Valley of the Sun. Provides support groups, educational programs, and local service referrals for families dealing with mental health issues in Maricopa County.",Live‑verified 2026‑08‑03,normalized,2026‑07‑31T10:40:33.152Z,2026‑07‑31T10:40:33.152Z
cms8ta9la008somm1e5s88w2m,National Association for Rights Protection and Advocacy,NARPA,,,,,,,https://narpa.org,,"NARPA, rights protection, advocacy",0,false,Advocacy association for rights protection in mental health.,Website verified: https://narpa.org. Missing verified contact (phone/email/contact form). UNVERIFIED — not actionable.,,2026-07-31T10:40:32.782Z,2026-07-31T10:40:32.782Z
cms8ta9vp00jeomm1fjx0woch,NATIVE HEALTH Phoenix,,,,602‑279‑5262,6022795262,(602) 279‑5262,,https://www.nativehealthphoenix.org,"4041 N Central Ave Bldg C, Phoenix, AZ 85012",,0,true,"Federally Qualified Health Center and Urban Indian Health Program. Provides primary medical, dental, behavioral health, WIC, and legal assistance. Main line verified.",Live‑verified 2026‑08‑03,normalized,2026‑07‑31T10:40:33.158Z,2026‑07‑31T10:40:33.158Z
cms8ta9sq00g2omm1s6itq8dl,NDRN,,,"Disability-rights lane — keep, but use only for disability-rights angle",,,,,,,"verified, functional map",0,false,Mental-health disability civil-rights litigation/policy advocacy. | Use: Mental-health disability civil-rights language / systemic legal-policy angle.,Website verified: https://ndrn.org. Missing verified contact (phone/email/contact form). UNVERIFIED — not actionable.,,2026-07-31T10:40:33.050Z,2026-07-31T10:40:33.050Z
cms8ta9lq009homm1eyprcv3e,National Center for PTSD,,,,,,,,https://ptsd.va.gov,,"National Center for PTSD, VA",0,false,VA National Center for PTSD.,Website verified: https://www.ptsd.va.gov. Missing verified contact (phone/email/contact form). UNVERIFIED — not actionable.,,2026-07-31T10:40:32.798Z,2026-07-31T10:40:32.798Z
cms8ta9l1008bomm11jg9es2f,National Disability Rights Network,NDRN,,,,,,,https://ndrn.org,,"NDRN, disability rights, protection and advocacy",0,false,National membership organization of the protection and advocacy (P&A) system for people with disabilities.,Website verified: https://ndrn.org. Missing verified contact (phone/email/contact form). UNVERIFIED — not actionable.,,2026-07-31T10:40:32.773Z,2026-07-31T10:40:32.773Z
cms8ta9lb008uomm12uztxs8x,National Empowerment Center,,,,,,,,https://power2u.org,,"National Empowerment Center, recovery, mental health",0,false,Recovery-oriented mental-health empowerment center.,Website verified: https://power2u.org. Missing verified contact (phone/email/contact form). UNVERIFIED — not actionable.,,2026-07-31T10:40:32.783Z,2026-07-31T10:40:32.783Z
cms8ta9yp00mwomm1j14qr1wk,Nazcare Warm Line (statewide),,,Nonprofit & Community Support,1-888-404-5530,8884045530,(888) 404-5530,,https://www.nazcare.org,,"master_extract, nonprofit & community support",0,true,1-888-404-5530【8†L53-L60】 (evenings and weekends for mental health support).,Phone normalized: 1-888-404-5530 → 8884045530. Website added: https://www.nazcare.org. Verified contact (phone).,"Phone normalized: ""1-888-404-5530"" → 8884045530",2026-07-31T10:40:33.266Z,2026-07-31T10:40:33.266Z
cms8ta9r700epomm196qvwz4j,"NeedyMeds National directory of patient assistance programs, co",,,MEDICAL SUPPORT,1-800-503-6897,8005036897,(800) 503-6897,info@needymeds.org,https://www.needymeds.org,,"final_help_list, medical support, must_get",0,true,"NeedyMeds National directory of patient assistance programs, co-pay relief, and other aid for prescription drugs, medical supplies, and treatment-related costs. Live reps available M–F 9 AM–5 PM ET. Website: https://www.needymeds.org/",Phone: 1-800-503-6897 (M-F 9AM-5PM ET). Email: info@needymeds.org. Website: https://www.needymeds.org. Verified.,"Phone normalized: ""1-800-503-6897"" → 8005036897 | Email normalized: ""info@needymeds.org"" → info@needymeds.org",2026-07-31T10:40:32.996Z,2026-07-31T14:33:48.992Z
cms8ta9ls009lomm1jh454jzr,Out of the Storm,,,,,,,,https://www.outofthestorm.website,,"Out of the Storm, CPTSD, support",0,false,Support community for CPTSD survivors.,Website added: https://www.outofthestorm.website. Missing verified contact (phone/email/contact form). UNVERIFIED — not actionable.,,2026-07-31T10:40:32.801Z,2026-07-31T10:40:32.801Z
cms8ta9ln009domm1xbssac8w,PTSD Foundation of America,,,,,,,,https://ptsdusa.org,,"PTSD Foundation of America, veterans, PTSD",0,false,National organization supporting veterans and others with PTSD.,Website verified: https://ptsdusa.org. Missing verified contact (phone/email/contact form). UNVERIFIED — not actionable.,,2026-07-31T10:40:32.796Z,2026-07-31T10:40:32.796Z
cms8ta9vy00juomm1rbdrb3sl,Patient Advocate Foundation (PAF),PAF,,,866‑512‑3861,8665123861,(866) 512‑3861,help@patientadvocate.org,https://patientadvocate.org,,"Patient Advocate Foundation, PAF, case management",0,true,National nonprofit providing case-management and financial-aid services to patients.,Contact form also available; merged with PAN Foundation Mar 2026.,"Merged duplicate cms8ta9lg0092omm1gn59vk2w into this canonical target ID; verified website, phone, and email retained.",2026-07-31T10:40:33.166Z,2026-08-04T01:13:41.965Z
cms8ta9u800i9omm1adokad8n,Psychologytoday,,,LOCAL_RESOURCE_LINK,,,,,https://www.psychologytoday.com,,"master_extract, local_resource_link",0,true,Directory site; users contact individual providers through listing contact forms.,Contact form available on website; directory site (no single phone/email).,Verified directory root retained; no organization-wide phone or email represented.,2026-07-31T10:40:33.104Z,2026-08-04T01:13:41.965Z
cms8ta9vo00jcomm11s55nrom,RI International / Recovery Response Center,,,BEHAVIORAL_MEDICAL,602‑650‑1212,6026501212,(602) 650‑1212,,https://riinternational.com,"2701 N 16th St, Phoenix, AZ 85006","master_extract, behavioral_medical",0,true,Recovery Response Center facility in Phoenix. Verify current operating status before visiting.,Facility may be temporarily closed; verify before visiting.,"Verified website, phone, and address retained; closure warning added.",2026-07-31T10:40:33.157Z,2026-08-04T01:13:41.965Z
cms8ta9zk00o3omm1tuyxo35k,RareCare® Patient Assistance Programs (NORD),,,COMMUNITIES & ADVOCACY,General: 800‑999‑6673; Narcolepsy: 855‑202‑5826,8009996673|8552025826,General: (800) 999‑6673 | Narcolepsy: (855) 202‑5826,narcolepsy@rarediseases.org,https://rarediseases.org/patient-assistance-programs,,"master_extract, communities & advocacy",0,true,NORD RareCare patient-assistance programs; eligibility and contact channels vary by program.,Contact form and program-specific emails/phones available. Narcolepsy program example: narcolepsy@rarediseases.org.,General and narcolepsy phone numbers retained; program-specific example email stored as an email rather than prose.,2026-07-31T10:40:33.296Z,2026-08-04T01:13:41.965Z
cms8ta9wt00kzomm1u6sy5702,SAMHSA National Helpline,,,Federal Programs & National Hotlines,800‑662‑4357 (HELP) ; TTY 800‑487‑4889,8006624357|8004874889,(800) 662‑4357 (HELP) | TTY (800) 487‑4889,,https://www.samhsa.gov/find-help/national-helpline,,"master_extract, federal programs & national hotlines",0,true,24/7 confidential helpline for mental-health and substance-use information and treatment referrals.,24/7 confidential helpline; website has contact form.,Helpline and TTY numbers normalized; malformed legacy citation removed.,2026-07-31T10:40:33.197Z,2026-08-04T01:13:41.965Z
cms8ta9hi004gomm11ac2la85,Association of Family and Conciliation Courts,,,,(608) 664-3750,6086643750,(608) 664-3750,,https://www.afccnet.org,,,,true,VIABLE. Verified Contact Type: Website (Contact Form) / Phone. Verified Contact Data: https://www.afccnet.org / (608) 664-3750.,Viable. Verified domain `afccnet.org`; phone confirmed via website. Missing direct email address.,,,
cms8ta9sn00fyomm1cx2spf3h,BWJP,,,,(612) 824-8768,6128248768,(612) 824-8768,info@bwjp.org,https://bwjp.org,,,,true,VIABLE. Verified Contact Type: Website (Contact Form) / Phone / Email. Verified Contact Data: https://bwjp.org / (612) 824-8768 / info@bwjp.org.,Viable. Verified domain `bwjp.org`; phone and email confirmed via website.,,,
cms8ta9ud00igomm1anhv3d5b,Bay Area Legal Aid Santa Clara Office,,,,(408) 283-3700,4082833700,(408) 283-3700,,https://baylegal.org/resources/santa-clara-county-office/,,,,true,VIABLE. Verified Contact Type: Website (Office Page) / Phone. Verified Contact Data: https://baylegal.org/resources/santa-clara-county-office/ / (408) 283-3700.,Viable. Verified office page and phone. Missing direct email address.,,,
cms8taa1600pjomm1fvu9d24p,Brevard County FL Fathers Rights Movement (Facebook Group),,,,,,,,,,,,false,UNVERIFIED. Verified Contact Type: None. Verified Contact Data: None.,"UNVERIFIED — not actionable. Disqualified: no verified website, phone, email, or contact form; Facebook group only with redacted URL.",,,
cms8ta9gr0047omm1knk5t2br,California Protective Parents Association,,,,,,,,https://www.caprotectiveparents.org,,,,true,VIABLE. Verified Contact Type: Website (Contact Form). Verified Contact Data: https://www.caprotectiveparents.org.,Viable. Verified domain `caprotectiveparents.org` with active contact form. Missing direct phone and email address.,,,
cms8ta9gx004eomm15m3ytwjl,Center for Judicial Excellence,,,,(415) 444-6556,4154446556,(415) 444-6556,info@centerforjudicialexcellence.org,https://centerforjudicialexcellence.org,,,,true,VIABLE. Verified Contact Type: Website / Phone / Email. Verified Contact Data: https://centerforjudicialexcellence.org / (415) 444-6556 / info@centerforjudicialexcellence.org.,"Viable. Verified phone, email, and domain.",,,
cms8ta9wh00klomm1grgbk0ai,Center for Judicial Excellence (CJE),,,,(415) 444-6556,4154446556,(415) 444-6556,info@centerforjudicialexcellence.org,https://centerforjudicialexcellence.org,,,,true,VIABLE. Verified Contact Type: Website / Phone / Email. Verified Contact Data: https://centerforjudicialexcellence.org / (415) 444-6556 / info@centerforjudicialexcellence.org.,"Viable. Duplicate of Row 106; verified phone, email, and domain.",,,
cms8taa1b00ptomm1ki63fg04,Colorado Fathers Rights Movement (Facebook Group),,,,,,,,,,,,false,UNVERIFIED. Verified Contact Type: None. Verified Contact Data: None.,"UNVERIFIED — not actionable. Disqualified: no verified website, phone, email, or contact form; Facebook group only with redacted URL.",,,
cms8taa3p00s2omm1prjdda1g,"Community Legal Services (CLS, AZ)",,,,(602) 258-3434,6022583434,(602) 258-3434,info@clsaz.org,https://clsaz.org,,,,true,VIABLE. Verified Contact Type: Website / Phone / Email. Verified Contact Data: https://clsaz.org / (602) 258-3434 / info@clsaz.org.,"Viable. Verified phone, email, and domain.",,,
cms8ta9gu0049omm1v2jfjc6n,Connecticut Protective Moms,,,,,,,,https://www.connecticutprotectivemoms.org,,,,true,VIABLE. Verified Contact Type: Website (Contact Form). Verified Contact Data: https://www.connecticutprotectivemoms.org.,Viable. Verified domain with active contact form. Missing direct phone and email address.,,,
cms8ta9zv00okomm1jhofd34b,Trauma,,,,,,,,,,,,false,,"UNVERIFIED — not actionable: No specific organization; concept placeholder. No phone, email, or website in row or via external search.",,,
cms8ta9li0096omm1k9vfb0iq,U.S. Pain Foundation,,,,800-910-2462,8009102462,800-910-2462,contact@uspainfoundation.org,https://uspainfoundation.org,,,,true,,Verified phone and email from website.,,,
cms8ta9sx00gcomm13efic4qq,Valley Fever Center for Excellence Fund,,,,520-626-6517,5206266517,520-626-6517,,https://vfce.arizona.edu/about/support-center,,,,true,,Verified phone and website; contact form available on site.,,,
cms8ta9vr00jiomm1maquyzls,Valleywise Health (formerly MIHS),,,,602-344-5011,6023445011,602-344-5011,,https://valleywisehealth.org/contact,,,,true,,Verified phone and website.,,,
cms8ta9fs002romm1ila3he02,A New Leaf Domestic Violence Services,,,,480-890-3039; 844-723-3387,4808903039|8447233387,480-890-3039; 844-723-3387,,https://turnanewleaf.org,,,,true,,Verified phones and website; `anewleaf.org` redirects to `turnanewleaf.org`.,,,
cms8ta9g00031omm14mc6y84j,ACEs & DV Center,,,,,,,,,,,,false,,"UNVERIFIED — not actionable: No contact information (phone, email, website) and no matching organization found.",,,
cms8taa3000ryomm1iz83fufm,AHCCCS H2O Housing Program (AZ Medicaid),,,,855-814-4673,8558144673,855-814-4673,,https://www.azahcccs.gov/Resources/Grants/H2O.html,,,,true,,Verified phone and website.,,,
cms8ta9fw002xomm1wopim5uh,Alliance for HOPE International,,,,888-511-3522,8885113522,888-511-3522,,https://allianceforhope.org,,,,true,,Verified phone and website; `.com` redirects to canonical `.org`.,,,
cms8ta9fn002pomm1qmtmr6pl,Arizona Coalition to End Sexual and Domestic Violence (ACESDV),,,,602-279-2980,6022792980,602-279-2980,,https://acesdv.org,,,,true,,Verified phone and website.,,,
cms8taa1000p5omm1k482lrav,Arizona Domestic Violence Legal Assistance Project,,,,866-637-5341,8666375341,866-637-5341,,https://azlawhelp.org,,,,true,,Verified phone and website via external cross-reference; row itself lacked contact but resource is verifiable.,,,
cms8ta9wc00keomm17atucjdc,Arizona Domestic Violence Legal Assistance Project (DV-LAP),,,,(866) 637-5341,8666375341,(866) 637-5341,,https://www.azbf.org/domestic-violence-legal-assistance-project,,,,true,,Phone and website verified; added missing contact info.,,,
cms8ta9fd002aomm1bxp177xj,Arizona Domestic Violence Legal Assistance Project / AZLawHelp,,,,(866) 637-5341,8666375341,(866) 637-5341,,https://azlawhelp.org,,,,true,,Verified as provided.,,,
cms8ta9ff002eomm1gvrpgx1t,Battered Women’s Justice Project,,,,(800) 903-0111 x1,8009030111,(800) 903-0111 x1,,https://bwjp.org,,,,true,,Verified phone and website; added missing phone.,,,
cms8ta9uh00imomm1lx75v2y1,CASS East Valley Men's Center,,,,(480) 610-6722,4806106722,(480) 610-6722,,,,,,true,,Phone verified; website in CSV could not be verified and is omitted.,,,
cms8ta9xf00lxomm1jgshkvz8,Catholic Charities (Maricopa),,,,(602) 285-1999,6022851999,(602) 285-1999,,https://www.catholiccharitiesaz.org,,,,true,,Verified phone; added missing website.,,,
cms8ta9g6003comm1o6bxkl7j,Center for Trauma & Resilience,,,,(303) 894-8000,3038948000,(303) 894-8000,,https://traumahealth.org,,,,true,,Verified as provided.,,,
cms8ta9g10032omm10w39o420,Child Crisis Arizona,,,,(602) 273-7363,6022737363,(602) 273-7363,,https://childcrisisaz.org,,,,true,,Verified as provided.,,,
cms8ta9t300glomm1fvcwc38a,Chrysalis 360° trauma-informed programs,,,,(602) 944-4999,6029444999,(602) 944-4999,,https://chrysalisaz.org,,,,true,,Added verified 24‑hour hotline; website confirmed.,,,
cms8ta9vz00jwomm12y7adoqm,Circle the City (Phoenix Medical Housing),,,,(602) 258-8282,6022588282,(602) 258-8282,,https://circlethecity.org,,,,true,,Added verified phone and website; both were missing.,,,
cms8ta9g50039omm1flodofsz,DVSTOP / SAFEDVS,,,,(480) 890-3039,4808903039,(480) 890-3039,,https://www.turnanewleaf.org,,,,true,,Added verified 24‑hour hotline and website; both were missing.,,,
